ncp,pdb_id,title,description,deposition_date,ndb_id,pubmed_id,doi,exp_method,resolution,space_group,poly_bound,number_dnachains,length_dnachain,num_helices,num_bulges,num_asymm_iloops,pairing_issues,continuous_steps,dyad_chain1,dyad_nt1_resnum,dyad_nt1_ntp,dyad_chain2,dyad_nt2_resnum,dyad_nt2_ntp,cell_a,cell_b,cell_c,cell_z,dnalength,chainlength,twist_cluster
1aoi.1,1aoi,"COMPLEX BETWEEN NUCLEOSOME CORE PARTICLE (H3,H4,H2A,H2B) AND 146 BP LONG DNA FRAGMENT","COMPLEX BETWEEN NUCLEOSOME CORE PARTICLE (H3,H4,H2A,H2B) AND 146 BP LONG DNA FRAGMENT",1997-07-03,PD0001,9305837,10.1038/38444,X-RAY DIFFRACTION,2.8,P 21 21 21,False,2,146,1,0,0,False,True,I,73,A,J,220,T,106.04,181.78,110.12,8,146,146,3
1eqz.1,1eqz,X-RAY STRUCTURE OF THE NUCLEOSOME CORE PARTICLE AT 2.5 A RESOLUTION,"HISTONE H2A, H2B, H3, H4/DNA COMPLEX",2000-04-06,PD0137,11092917,10.1107/S0907444900011847,X-RAY DIFFRACTION,2.5,P 21 21 21,False,2,146,1,0,0,False,True,I,73,A,J,220,T,105.28,109.71,181.12,8,146,146,3
1f66.1,1f66,2.6 A CRYSTAL STRUCTURE OF A NUCLEOSOME CORE PARTICLE CONTAINING THE VARIANT HISTONE H2A.Z,"HISTONE H3, H4, H2A.Z, H2B/DNA COMPLEX",2000-06-20,PD0171,11101893,10.1038/81971,X-RAY DIFFRACTION,2.6,P 21 21 21,False,2,146,1,0,0,False,True,I,73,A,J,220,T,105.66,183.207,109.922,8,146,146,3
1id3.1,1id3,CRYSTAL STRUCTURE OF THE YEAST NUCLEOSOME CORE PARTICLE REVEALS FUNDAMENTAL DIFFERENCES IN INTER-NUCLEOSOME INTERACTIONS,NUCLEOSOME CORE PARTICLE,2001-04-03,PD0209,11566884,10.1093/emboj/20.18.5207,X-RAY DIFFRACTION,3.1,P 21 21 21,False,2,146,1,0,0,False,True,I,73,A,J,220,T,104.922,110.398,192.617,8,146,146,3
1kx3.1,1kx3,"X-Ray Structure of the Nucleosome Core Particle, NCP146, at 2.0 A Resolution",Nucleosome Core Particle,2002-01-31,PD0285,12079350,10.1016/S0022-2836(02)00386-8,X-RAY DIFFRACTION,2,P 21 21 21,False,2,146,1,0,0,False,True,I,0,A,J,0,T,105.4,181.54,109.6,8,146,146,3
1kx4.1,1kx4,"X-Ray Structure of the Nucleosome Core Particle, NCP146b, at 2.6 A Resolution",NUCLEOSOME CORE PARTICLE,2002-01-31,PD0286,12079350,10.1016/S0022-2836(02)00386-8,X-RAY DIFFRACTION,2.6,P 21 21 21,False,2,146,1,0,0,False,True,I,0,A,J,0,T,105.3,175.69,109.53,8,146,146,4
1kx5.1,1kx5,"X-Ray Structure of the Nucleosome Core Particle, NCP147, at 1.9 A Resolution",NUCLEOSOME CORE PARTICLE,2002-01-31,PD0287,12079350,10.1016/S0022-2836(02)00386-8,X-RAY DIFFRACTION,1.94,P 21 21 21,False,2,147,1,0,0,False,True,I,0,A,J,0,T,105.95,181.17,109.49,8,147,147,5
1m18.1,1m18,LIGAND BINDING ALTERS THE STRUCTURE AND DYNAMICS OF NUCLEOSOMAL DNA,NUCLEOSOME CORE PARTICLE,2002-06-18,PD0328,12559907,10.1016/S0022-2836(02)01407-9,X-RAY DIFFRACTION,2.45,P 21 21 21,False,2,146,1,0,0,False,True,I,73,A,J,220,T,106.839,109.628,183.172,8,146,146,7
1m19.1,1m19,LIGAND BINDING ALTERS THE STRUCTURE AND DYNAMICS OF NUCLEOSOMAL DNA,NUCLEOSOME CORE PARTICLE,2002-06-18,PD0329,12559907,10.1016/S0022-2836(02)01407-9,X-RAY DIFFRACTION,2.3,P 21 21 21,False,2,146,1,0,0,False,True,I,73,A,J,220,T,107.045,109.662,183.018,8,146,146,6
1m1a.1,1m1a,LIGAND BINDING ALTERS THE STRUCTURE AND DYNAMICS OF NUCLEOSOMAL DNA,NUCLEOSOME CORE PARTICLE,2002-06-18,PD0330,12559907,10.1016/S0022-2836(02)01407-9,X-RAY DIFFRACTION,2.65,P 21 21 21,False,2,146,1,0,0,False,True,I,74,T,J,219,A,106.719,109.196,177.353,8,146,146,7
1p34.1,1p34,Crystallographic Studies of Nucleosome Core Particles containing Histone 'Sin' Mutants,Nucleosome Core Particle/DNA Complex,2003-04-17,PD0413,14739929,10.1038/sj.emboj.7600046,X-RAY DIFFRACTION,2.7,P 21 21 21,False,2,146,1,0,0,False,True,I,73,A,J,220,T,105.964,110.021,182.741,8,146,146,3
1p3a.1,1p3a,Crystallographic Studies of Nucleosome Core Particles containing Histone 'Sin' Mutants,Nucleosome Core Particle/DNA Complex,2003-04-17,PD0414,14739929,10.1038/sj.emboj.7600046,X-RAY DIFFRACTION,3,P 21 21 21,False,2,146,1,0,0,False,True,I,73,A,J,220,T,105.423,109.721,180.902,8,146,146,3
1p3b.1,1p3b,Crystallographic Studies of Nucleosome Core Particles containing Histone 'Sin' Mutants,Nucleosome Core Particle/DNA Complex,2003-04-17,PD0415,14739929,10.1038/sj.emboj.7600046,X-RAY DIFFRACTION,3,P 21 21 21,False,2,146,1,0,0,False,True,I,73,A,J,220,T,106.18,109.52,182.441,8,146,146,3
1p3f.1,1p3f,Crystallographic Studies of Nucleosome Core Particles containing Histone 'Sin' Mutants,Nucleosome Core Particle/DNA Complex,2003-04-17,PD0416,14739929,10.1038/sj.emboj.7600046,X-RAY DIFFRACTION,2.9,P 21 21 21,False,2,146,1,0,0,False,True,I,73,A,J,220,T,105.739,109.499,181.649,8,146,146,3
1p3g.1,1p3g,Crystallographic Studies of Nucleosome Core Particles containing Histone 'Sin' Mutants,Nucleosome Core Particle/DNA Complex,2003-04-17,PD0417,14739929,10.1038/sj.emboj.7600046,X-RAY DIFFRACTION,2.7,P 21 21 21,False,2,146,1,0,0,False,True,I,73,A,J,220,T,106.018,110.011,182.798,8,146,146,3
1p3i.1,1p3i,Crystallographic Studies of Nucleosome Core Particles containing Histone 'Sin' Mutants,Nucleosome Core Particle/DNA Complex,2003-04-17,PD0418,14739929,10.1038/sj.emboj.7600046,X-RAY DIFFRACTION,2.3,P 21 21 21,False,2,146,1,0,0,False,True,I,73,A,J,220,T,106.61,109.752,182.3,8,146,146,3
1p3k.1,1p3k,Crystallographic Studies of Nucleosome Core Particles containing Histone 'Sin' Mutants,Nucleosome Core Particle/DNA Complex,2003-04-17,PD0419,14739929,10.1038/sj.emboj.7600046,X-RAY DIFFRACTION,2.9,P 21 21 21,False,2,146,1,0,0,False,True,I,73,A,J,220,T,104.992,109.681,180.721,8,146,146,3
1p3l.1,1p3l,Crystallographic Studies of Nucleosome Core Particles containing Histone 'Sin' Mutants,Nucleosome Core Particle/DNA Complex,2003-04-17,PD0420,14739929,10.1038/sj.emboj.7600046,X-RAY DIFFRACTION,2.4,P 21 21 21,False,2,146,1,0,0,False,True,I,73,A,J,220,T,105.951,109.612,181.397,8,146,146,3
1p3m.1,1p3m,Crystallographic Studies of Nucleosome Core Particles containing Histone 'Sin' Mutants,Nucleosome Core Particle/DNA Complex,2003-04-17,PD0421,14739929,10.1038/sj.emboj.7600046,X-RAY DIFFRACTION,2.9,P 21 21 21,False,2,146,1,0,0,False,True,I,73,A,J,220,T,105.766,109.634,181.508,8,146,146,3
1p3o.1,1p3o,Crystallographic Studies of Nucleosome Core Particles containing Histone 'Sin' Mutants,Nucleosome Core Particle/DNA Complex,2003-04-17,PD0422,14739929,10.1038/sj.emboj.7600046,X-RAY DIFFRACTION,2.75,P 21 21 21,False,2,146,1,0,0,False,True,I,73,A,J,220,T,105.973,109.827,181.671,8,146,146,3
1p3p.1,1p3p,Crystallographic Studies of Nucleosome Core Particles containing Histone 'Sin' Mutants,Nucleosome Core Particle/DNA Complex,2003-04-17,PD0423,14739929,10.1038/sj.emboj.7600046,X-RAY DIFFRACTION,2.7,P 21 21 21,False,2,146,1,0,0,False,True,I,73,A,J,220,T,105.805,109.592,181.445,8,146,146,3
1s32.1,1s32,Molecular Recognition of the Nucleosomal 'Supergroove',"histone H3, H4, H2A, H2B/palindromic alpha-satellite 146 bp DNA/polyamide dimer clamp Complex",2004-01-12,PD0514,15100411,10.1073/pnas.0401743101,X-RAY DIFFRACTION,2.05,P 21 21 21,False,2,146,1,0,0,False,True,I,73,A,J,220,T,105.352,109.717,181.827,8,146,146,3
1u35.1,1u35,Crystal structure of the nucleosome core particle containing the histone domain of macroH2A,HISTONE/DNA Complex,2004-07-20,PD0566,16107708,10.1128/MCB.25.17.7616-7624.2005,X-RAY DIFFRACTION,3,P 21 21 21,False,2,146,1,0,0,False,True,I,73,A,J,218,T,105.505,109.598,175.989,8,146,146,6
1zla.1,1zla,X-ray Structure of a Kaposi's sarcoma herpesvirus LANA peptide bound to the nucleosomal core,"Histone H3, H4, H2A, H2B/LANA Peptide/DNA",2005-05-05,PD0668,16469929,10.1126/science.1120541,X-RAY DIFFRACTION,2.9,P 21 21 21,True,2,146,1,0,0,False,True,I,73,A,J,220,T,106.162,109.599,182.237,8,146,146,3
2cv5.1,2cv5,Crystal structure of human nucleosome core particle,Histone/DNA Complex,2005-05-31,PD0676,15951514,10.1093/nar/gki663,X-RAY DIFFRACTION,2.5,P 21 21 21,False,2,146,1,0,0,False,True,I,73,A,J,220,T,99.564,108.37,169.425,8,146,146,6
2f8n.1,2f8n,2.9 Angstrom X-ray structure of hybrid macroH2A nucleosomes,HISTONE/DNA Complex,2005-12-02,PD0764,?,?,X-RAY DIFFRACTION,2.9,P 21 21 21,False,2,146,1,0,0,False,True,I,73,A,J,218,T,106.145,109.272,176.273,8,146,146,6
2fj7.1,2fj7,Crystal structure of Nucleosome Core Particle Containing a Poly (dA.dT) Sequence Element,histone/DNA complex,2005-12-31,PD0755,16860337,10.1016/j.jmb.2006.06.051,X-RAY DIFFRACTION,3.2,P 21 21 21,False,2,147,1,0,0,False,True,I,74,A,J,221,T,104.918,109.598,177.969,8,147,147,4
2nqb.1,2nqb,Drosophila Nucleosome Structure,HISTONE protein/DNA Complex,2006-10-30,PD0914,?,?,X-RAY DIFFRACTION,2.3,P 21 21 21,False,2,146,1,0,0,False,True,I,73,A,J,220,T,106.143,109.581,182.045,8,146,146,3
2nzd.1,2nzd,Nucleosome core particle containing 145 bp of DNA,"Histone H3, H4, H2A, H2B/DNA Complex",2006-11-23,PD0913,17379244,10.1016/j.jmb.2007.02.062,X-RAY DIFFRACTION,2.65,P 21 21 21,False,2,145,1,0,0,False,True,I,0,A,J,0,T,105.617,109.856,181.217,8,145,145,1
2pyo.1,2pyo,Drosophila nucleosome core,Histone octamer/DNA Complex,2007-05-16,PD1003,17957772,10.1002/prot.21720,X-RAY DIFFRACTION,2.43,P 21 21 21,False,2,147,1,0,0,False,True,I,0,A,J,0,T,106.03,182.04,109.42,8,147,147,5
3a6n.1,3a6n,"The nucleosome containing a testis-specific histone variant, human H3T","Histone H3.1t, Histone H4, Histone H2A type 1-B/E, Histone H2B type 1-J",2009-09-04,NA0136,20498094,10.1073/pnas.1003064107,X-RAY DIFFRACTION,2.7,P 21 21 21,False,2,146,1,0,0,False,True,I,73,A,J,220,T,105.476,109.521,181.052,8,146,146,6
3afa.1,3afa,The human nucleosome structure,"Histone H3.1, Histone H4, Histone H2A type 1-B/E, Histone H2B type 1-J/DNA",2010-02-24,NA0467,20498094,10.1073/pnas.1003064107,X-RAY DIFFRACTION,2.5,P 21 21 21,False,2,146,1,0,0,False,True,I,73,A,J,220,T,105.839,109.509,180.919,8,146,146,6
3av1.1,3av1,The human nucleosome structure containing the histone variant H3.2,"Histone H3.2, Histone H4, Histone H2A type 1-B/E, Histone H2B type 1-J, DNA",2011-02-18,NA0985,21636898,10.1107/S0907444911014818,X-RAY DIFFRACTION,2.5,P 21 21 21,False,2,146,1,0,0,False,True,I,73,A,J,220,T,106.466,109.628,181.93,8,146,146,6
3av2.1,3av2,The human nucleosome structure containing the histone variant H3.3,"Histone H3.3, Histone H4, Histone H2A type 1-B/E, Histone H2B type 1-J, DNA",2011-02-18,NA0986,21636898,10.1107/S0907444911014818,X-RAY DIFFRACTION,2.8,P 21 21 21,False,2,146,1,0,0,False,True,I,73,A,J,220,T,105.843,109.686,181.177,8,146,146,6
3azg.1,3azg,Crystal Structure of Human Nucleosome Core Particle Containing H3K115Q mutation,"Histone H3.1, Histone H4, Histone H2A type 1-B/E, Histone H2B type 1-J/DNA",2011-05-25,NA1142,21812398,10.1021/bi201021h,X-RAY DIFFRACTION,2.4,P 21 21 21,False,2,146,1,0,0,False,True,I,73,A,J,220,T,106.527,109.772,182.365,8,146,146,6
3azi.1,3azi,Crystal Structure of Human Nucleosome Core Particle Containing H4K31Q mutation,"Histone H3.1, Histone H4, Histone H2A type 1-B/E, Histone H2B type 1-J/DNA",2011-05-25,NA1144,21812398,10.1021/bi201021h,X-RAY DIFFRACTION,2.7,P 21 21 21,False,2,146,1,0,0,False,True,I,73,A,J,220,T,106.361,109.451,176.006,8,146,146,6
3azj.1,3azj,Crystal Structure of Human Nucleosome Core Particle Containing H4K44Q mutation,"Histone H3.1, Histone H4, Histone H2A type 1-B/E, Histone H2B type 1-J/DNA",2011-05-25,NA1145,21812398,10.1021/bi201021h,X-RAY DIFFRACTION,2.89,P 21 21 21,False,2,146,1,0,0,False,True,I,73,A,J,220,T,105.955,109.428,180.904,8,146,146,6
3azk.1,3azk,Crystal Structure of Human Nucleosome Core Particle Containing H4K59Q mutation,"Histone H3.1, Histone H4, Histone H2A type 1-B/E, Histone H2B type 1-J/DNA",2011-05-25,NA1146,21812398,10.1021/bi201021h,X-RAY DIFFRACTION,3.2,P 21 21 21,False,2,146,1,0,0,False,True,I,73,A,J,220,T,106.485,109.449,182.642,8,146,146,6
3azl.1,3azl,Crystal Structure of Human Nucleosome Core Particle Containing H4K77Q mutation,"Histone H3.1, Histone H4, Histone H2A type 1-B/E, Histone H2B type 1-J/DNA",2011-05-25,NA1147,21812398,10.1021/bi201021h,X-RAY DIFFRACTION,2.7,P 21 21 21,False,2,146,1,0,0,False,True,I,73,A,J,220,T,106.58,109.636,182.213,8,146,146,6
3azm.1,3azm,Crystal Structure of Human Nucleosome Core Particle Containing H4K79Q mutation,"Histone H3.1, Histone H4, Histone H2A type 1-B/E, Histone H2B type 1-J/DNA",2011-05-25,NA1148,21812398,10.1021/bi201021h,X-RAY DIFFRACTION,2.89,P 21 21 21,False,2,146,1,0,0,False,True,I,73,A,J,220,T,104.792,108.767,174.515,8,146,146,6
3azn.1,3azn,Crystal Structure of Human Nucleosome Core Particle Containing H4K91Q mutation,"Histone H3.1, Histone H4, Histone H2A type 1-B/E, Histone H2B type 1-J/DNA",2011-05-25,NA1149,21812398,10.1021/bi201021h,X-RAY DIFFRACTION,3,P 21 21 21,False,2,146,1,0,0,False,True,I,73,A,J,220,T,106.376,109.687,182.081,8,146,146,6
3b6f.1,3b6f,Nucleosome core particle treated with cisplatin,"Histone H3.2, Histone H4, Histone H2A, Histone H2B 1.1/DNA Complex",2007-10-29,PD1046,18157123,10.1038/nchembio.2007.58,X-RAY DIFFRACTION,3.45,P 21 21 21,False,2,147,1,0,0,False,True,I,0,A,J,0,T,106.327,109.38,180.585,8,147,147,5
3b6g.1,3b6g,Nucleosome core particle treated with oxaliplatin,"Histone H3.2, Histone H4, Histone H2A, Histone H2B 1.1/DNA Complex",2007-10-29,PD1047,18157123,10.1038/nchembio.2007.58,X-RAY DIFFRACTION,3.45,P 21 21 21,False,2,147,1,0,0,False,True,I,0,A,J,0,T,106.298,109.655,181.807,8,147,147,5
3c1b.1,3c1b,The effect of H3 K79 dimethylation and H4 K20 trimethylation on nucleosome and chromatin structure,"Histone H3-like, Histone H4, Histone H2A type 1, Histone 2, H2bf/DNA Complex",2008-01-22,PD1077,18794842,10.1038/nsmb.1489,X-RAY DIFFRACTION,2.2,P 21 21 21,False,2,146,1,0,0,False,True,I,73,A,J,220,T,105.67,109.83,181.03,8,146,146,3
3c1c.1,3c1c,The effect of H3 K79 dimethylation and H4 K20 trimethylation on nucleosome and chromatin structure,"Histone H3-like, Histone H4, Histone H2A type 1, Histone 2, H2bf/DNA complex",2008-01-22,PD1078,18794842,10.1038/nsmb.1489,X-RAY DIFFRACTION,3.15,P 21 21 21,False,2,146,1,0,0,False,True,I,73,A,J,220,T,107.03,110.08,182.6,8,146,146,3
3kuy.1,3kuy,DNA Stretching in the Nucleosome Facilitates Alkylation by an Intercalating Antitumor Agent,"Histone H3.2, Histone H4, Histone H2A, Histone H2B",2009-11-28,NA0384,20026584,10.1093/nar/gkp1174,X-RAY DIFFRACTION,2.9,P 21 21 21,False,2,145,1,0,0,False,True,I,0,A,J,0,T,106.161,109.588,182.413,8,145,145,1
3kwq.1,3kwq,Structural characterization of H3K56Q nucleosomes and nucleosomal arrays,"Histone H3.2, Histone H4, Histone H2A, Histone H2B 1.1/DNA Complex",2009-12-01,NA0404,20100606,10.1016/j.bbagrm.2010.01.009,X-RAY DIFFRACTION,3.5,P 21 21 21,False,2,146,1,0,0,False,True,I,73,A,J,220,T,105.561,109.542,180.65,8,146,146,3
3kxb.1,3kxb,Structural characterization of H3K56Q nucleosomes and nucleosomal arrays,"Histone H3.2, Histone H4, Histone H2A, Histone H2B 1.1/DNA complex",2009-12-02,NA0424,20100606,10.1016/j.bbagrm.2010.01.009,X-RAY DIFFRACTION,3.2,P 21 21 21,False,2,146,1,0,0,False,True,I,73,A,J,220,T,109.517,105.67,181.33,8,146,146,3
3lel.1,3lel,Structural Insight into the Sequence-Dependence of Nucleosome Positioning,"Histone H3.2, Histone H4, Histone H2A, Histone H2B 1.1",2010-01-15,NA0430,20399189,10.1016/j.str.2010.01.015,X-RAY DIFFRACTION,2.95,P 1 21 1,False,4,147,1,0,0,False,True,I,0,A,J,0,T,106.747,178.508,110.412,8,147,147,5
3lel.2,3lel,Structural Insight into the Sequence-Dependence of Nucleosome Positioning,"Histone H3.2, Histone H4, Histone H2A, Histone H2B 1.1",2010-01-15,NA0430,20399189,10.1016/j.str.2010.01.015,X-RAY DIFFRACTION,2.95,P 1 21 1,False,4,147,1,0,0,False,True,S,0,A,T,0,T,106.747,178.508,110.412,8,147,147,5
3lja.1,3lja,Using Soft X-Rays for a Detailed Picture of Divalent Metal Binding in the Nucleosome,"Histone H3.2, Histone H4, Histone H2A, Histone H2B 1.1/DNA complex",2010-01-26,NA0439,20350553,10.1016/j.jmb.2010.03.038,X-RAY DIFFRACTION,2.75,P 21 21 21,False,2,147,1,0,0,False,True,I,0,A,J,0,T,106.348,109.785,182.424,8,147,147,5
3lz0.1,3lz0,Crystal Structure of Nucleosome Core Particle Composed of the Widom 601 DNA Sequence (orientation 1),"Histone H3.2, Histone H4, Histone H2A, Histone H2B 1.1/DNA",2010-03-01,NA0475,20800598,10.1016/j.jmb.2010.08.039,X-RAY DIFFRACTION,2.5,P 21 21 21,False,2,145,1,0,0,False,True,I,0,C,J,0,G,107.37,109.66,175.75,8,145,145,7
3lz1.1,3lz1,Crystal Structure of Nucleosome Core Particle Composed of the Widom 601 DNA Sequence (orientation 2),"Histone H3.2, Histone H4, Histone H2A, Histone H2B 1.1/DNA",2010-03-01,NA0476,20800598,10.1016/j.jmb.2010.08.039,X-RAY DIFFRACTION,2.5,P 21 21 21,False,2,145,1,0,0,False,True,I,0,G,J,0,C,107.37,109.66,175.75,8,145,145,7
3mgr.1,3mgr,Binding of Rubidium ions to the Nucleosome Core Particle,"Histone H3.2, Histone H4, Histone H2A, Histone H2B 1.1/DNA",2010-04-07,NA0503,20494975,10.1093/nar/gkq420,X-RAY DIFFRACTION,2.3,P 21 21 21,False,2,147,1,0,0,False,True,I,0,A,J,0,T,106.462,109.681,182.213,8,147,147,5
3mgs.1,3mgs,Binding of Cesium ions to the Nucleosome Core particle,"Histone H3.2, Histone H4, Histone H2A, Histone H2B 1.1/DNA",2010-04-07,NA0504,20494975,10.1093/nar/gkq420,X-RAY DIFFRACTION,3.15,P 21 21 21,False,2,147,1,0,0,False,True,I,0,A,J,0,T,106.51,109.668,182.609,8,147,147,5
3mnn.1,3mnn,A Ruthenium Antitumour Agent Forms Specific Histone Protein Adducts in the Nucleosome Core,"Histone H3.2, Histone H4, Histone H2A, Histone H2B 1.1/DNA complex",2010-04-22,NA0525,21344528,10.1002/chem.201100298,X-RAY DIFFRACTION,2.5,P 21 21 21,False,2,145,1,0,0,False,True,I,0,A,J,0,T,106.35,109.86,182.59,8,145,145,1
3mvd.1,3mvd,Crystal structure of the chromatin factor RCC1 in complex with the nucleosome core particle,"Histone H3.2, Histone H4, Histone H2A type 1, Histone H2B 1.1, Regulator of chromosome condensation",2010-05-04,NA0541,20739938,10.1038/nature09321,X-RAY DIFFRACTION,2.9,P 1 21 1,True,2,147,1,0,0,False,True,I,74,C,J,74,G,102.681,183.036,107.03,4,147,147,7
3reh.1,3reh,2.5 Angstrom Crystal Structure of the Nucleosome Core Particle Assembled with a 145 bp Alpha-Satellite DNA (NCP145),"Histone H3.2, Histone H4, Histone H2A type 1, Histone H2B 1.1/DNA complex",2011-04-04,NA1062,21724603,10.1093/nar/gkr491,X-RAY DIFFRACTION,2.5,P 21 21 21,False,2,145,1,0,0,False,True,I,0,A,J,0,T,105.606,110.066,181.719,8,145,145,1
3rei.1,3rei,2.65 Angstrom Crystal Structure of the Nucleosome Core Particle Assembled with a 145 bp Alpha-Satellite DNA (NCP145) Derivatized with Triamminechloroplatinum(II) Chloride,"Histone H3.2, Histone H4, Histone H2A type1, Histone H2B 1.1/DNA complex",2011-04-04,NA1063,21724603,10.1093/nar/gkr491,X-RAY DIFFRACTION,2.65,P 21 21 21,False,2,145,1,0,0,False,True,I,0,A,J,0,T,105.877,109.904,181.701,8,145,145,1
3rej.1,3rej,2.55 Angstrom Crystal Structure of the Nucleosome Core Particle Assembled with a 146 bp Alpha-Satellite DNA (NCP146b),"Histone H3.2, Histone H4, Histone H2A type 1, Histone H2B 1.1/DNA complex",2011-04-04,NA1064,21724603,10.1093/nar/gkr491,X-RAY DIFFRACTION,2.55,P 21 21 21,False,2,146,1,0,0,False,True,I,0,A,J,0,T,106.067,109.374,176.465,8,146,146,4
3rek.1,3rek,2.6 Angstrom Crystal Structure of the Nucleosome Core Particle Assembled with a 146 bp Alpha-Satellite DNA (NCP146b) Derivatized with Oxaliplatin,"Histone H3.2, Histone H4, Histone H2A type1, Histone H2B 1.1/DNA complex",2011-04-04,NA1065,21724603,10.1093/nar/gkr491,X-RAY DIFFRACTION,2.6,P 21 21 21,False,2,146,1,0,0,False,True,I,0,A,J,0,T,105.001,109.436,176.357,8,146,146,4
3rel.1,3rel,2.7 Angstrom Crystal Structure of the Nucleosome Core Particle Assembled with a 146 bp Alpha-Satellite DNA (NCP146b) Derivatized with Triamminechloroplatinum(II) Chloride,"Histone H3.2, Histone H4, Histone H2A type 1, Histone H2B 1.1/DNA complex",2011-04-04,NA1066,21724603,10.1093/nar/gkr491,X-RAY DIFFRACTION,2.7,P 21 21 21,False,2,146,1,0,0,False,True,I,0,A,J,0,T,105.659,109.697,175.654,8,146,146,4
3tu4.1,3tu4,Crystal structure of the Sir3 BAH domain in complex with a nucleosome core particle.,"Histone H3.2, Histone H4, Histone H2A, Histone H2B 1.1, Regulatory protein SIR3/DNA complex",2011-09-15,NA1304,22096199,10.1126/science.1210915,X-RAY DIFFRACTION,3,P 61,True,2,147,1,0,0,False,True,I,74,T,J,74,A,102.88,102.88,555.75,12,147,147,7
3tu4.2,3tu4,Crystal structure of the Sir3 BAH domain in complex with a nucleosome core particle.,"Histone H3.2, Histone H4, Histone H2A, Histone H2B 1.1, Regulatory protein SIR3/DNA complex",2011-09-15,NA1304,22096199,10.1126/science.1210915,X-RAY DIFFRACTION,3,P 61,True,2,147,1,0,0,False,True,I,74,T,J,74,A,102.88,102.88,555.75,12,147,147,7
3ut9.1,3ut9,Crystal Structure of Nucleosome Core Particle Assembled with a Palindromic Widom '601' Derivative (NCP-601L),"Histone H3.2, Histone H4, Histone H2A, Histone H2B 1.1/DNA",2011-11-25,NA1417,22453276,10.1093/nar/gks261,X-RAY DIFFRACTION,2.2,P 21 21 21,False,2,145,1,0,0,False,True,I,0,A,J,0,T,106.494,109.533,174.822,8,145,145,7
3uta.1,3uta,Crystal Structure of Nucleosome Core Particle Assembled with an Alpha-Satellite Sequence Containing Two TTAAA elements (NCP-TA2),"Histone H3.2, Histone H4, Histone H2A, Histone H2B 1.1/DNA",2011-11-25,NA1418,22453276,10.1093/nar/gks261,X-RAY DIFFRACTION,2.07,P 21 21 21,False,2,145,1,0,0,False,True,I,0,A,J,0,T,106.51,109.91,182.33,8,145,145,2
3utb.1,3utb,Crystal Structure of Nucleosome Core Particle Assembled with the 146b Alpha-Satellite Sequence (NCP146b),"Histone H3.2, Histone H4, Histone H2A, Histone H2B 1.1/DNA",2011-11-25,NA1419,22453276,10.1093/nar/gks261,X-RAY DIFFRACTION,2.2,P 21 21 21,False,2,146,1,0,0,False,True,I,0,A,J,0,T,105.46,109.28,175.92,8,146,146,4
3w96.1,3w96,Crystal Structure of Human Nucleosome Core Particle lacking H2A N-terminal region,"Histone H3.1, Histone H4, Histone H2A type 1-B/E, Histone H2B type 1-J/DNA",2013-04-01,NA2359,24251097,10.1016/j.fob.2013.08.007,X-RAY DIFFRACTION,3,P 21 21 21,False,2,146,1,0,0,False,True,I,73,A,J,220,T,104.515,109.319,175.658,8,146,146,6
3w97.1,3w97,Crystal Structure of Human Nucleosome Core Particle lacking H2B N-terminal region,"Histone H3.1, Histone H4, Histone H2A type 1-B/E, Histone H2B type 1-J/DNA",2013-04-01,NA2360,24251097,10.1016/j.fob.2013.08.007,X-RAY DIFFRACTION,3.2,P 21 21 21,False,2,146,1,0,0,False,True,I,73,A,J,220,T,105.839,109.728,175.41,8,146,146,6
3w98.1,3w98,Crystal Structure of Human Nucleosome Core Particle lacking H3.1 N-terminal region,"Histone H3.1, Histone H4, Histone H2A type 1-B/E, Histone H2B type 1-J/DNA",2013-04-01,NA2361,24251097,10.1016/j.fob.2013.08.007,X-RAY DIFFRACTION,3.42,P 21 21 21,False,2,146,1,0,0,False,True,I,73,A,J,220,T,104.839,109.344,176.173,8,146,146,6
3w99.1,3w99,Crystal Structure of Human Nucleosome Core Particle lacking H4 N-terminal region,"Histone H3.1, Histone H4, Histone H2A type 1-B/E, Histone H2B type 1-J/DNA",2013-04-01,NA2362,24251097,10.1016/j.fob.2013.08.007,X-RAY DIFFRACTION,3,P 21 21 21,False,2,146,1,0,0,False,True,I,73,A,J,220,T,105.704,109.292,175.719,8,146,146,6
3wa9.1,3wa9,The nucleosome containing human H2A.Z.1,"Histone H3.1, Histone H4, Histone H2A.Z, Histone H2B type 1-J/DNA",2013-04-30,NA2454,24311584,10.1107/S090744491302252X,X-RAY DIFFRACTION,3.07,P 21 21 21,False,2,146,1,0,0,False,True,I,73,A,J,220,T,104.903,109.39,181.764,8,146,146,6
3waa.1,3waa,The nucleosome containing human H2A.Z.2,"Histone H3.1, Histone H4, Histone H2A.V, Histone H2B type 1-J/DNA",2013-04-30,NA2455,24311584,10.1107/S090744491302252X,X-RAY DIFFRACTION,3.2,P 21 21 21,False,2,146,1,0,0,False,True,I,73,A,J,220,T,105.359,109.842,182.992,8,146,146,6
3wkj.1,3wkj,The nucleosome containing human TSH2B,"Histone H3.1, Histone H4, Histone H2A type 1-B/E, Histone H2B type 1-A",2013-10-22,NA2733,24699735,10.1107/S2053230X14004695,X-RAY DIFFRACTION,2.8,P 21 21 21,False,2,146,1,0,0,False,True,I,73,A,J,220,T,107.037,109.926,182.961,8,146,146,6
3wtp.1,3wtp,Crystal Structure of the heterotypic nucleosome containing human CENP-A and H3.3,"Histone H3-like centromeric protein A, Histone H4, Histone H2A type 1-B/E, Histone H2B type 1-J, Histone H3.3/DNA",2014-04-14,NA2986,25408271,10.1038/srep07115,X-RAY DIFFRACTION,2.67,P 21 21 21,False,2,146,1,0,0,False,True,I,73,A,J,220,T,98.117,107.667,168.143,8,146,146,6
3x1s.1,3x1s,Crystal structure of the nucleosome core particle,"Histone H3.1, Histone H4, Histone H2A type 1-B/E, Histone H2B type 1-B/DNA",2014-11-27,NA3317,26188507,10.1016/j.bbrc.2015.07.070,X-RAY DIFFRACTION,2.805,P 21 21 21,False,2,146,1,0,0,False,True,I,73,A,J,220,T,105.381,109.363,175.572,8,146,146,4
3x1t.1,3x1t,Crystal structure of nucleosome core particle consisting of mouse testis specific histone variants H2aa and H2ba,"Histone H3.1, Histone H4, Histone H2A, Histone H2B type 1-A/DNA Complex",2014-11-27,NA3318,26188507,10.1016/j.bbrc.2015.07.070,X-RAY DIFFRACTION,2.808,P 21 21 21,False,2,146,1,0,0,False,True,I,73,A,J,220,T,105.771,109.597,181.597,8,146,146,6
3x1u.1,3x1u,Crystal structure of nucleosome core particle in the presence of histone variants involved in reprogramming,"Histone H3.1, Histone H4, Histone H2A, Histone H2B type 1-B/DNA Complex",2014-11-28,NA3319,26188507,10.1016/j.bbrc.2015.07.070,X-RAY DIFFRACTION,3.25,P 21 21 21,False,2,146,1,0,0,False,True,I,73,A,J,220,T,104.427,109.184,175.001,8,146,146,6
3x1v.1,3x1v,Crystal structure of nucleosome core particle in the presence of histone variant involved in reprogramming,"Histone H3.1, Histone H4, Histone H2A type 1-B/E, Histone H2B type 1-A/DNA Complex",2014-11-28,NA3320,26188507,10.1016/j.bbrc.2015.07.070,X-RAY DIFFRACTION,2.921,P 21 21 21,False,2,146,1,0,0,False,True,I,73,A,J,220,T,99.327,108.471,168.677,8,146,146,6
4jjn.1,4jjn,Crystal structure of heterochromatin protein Sir3 in complex with a silenced yeast nucleosome,"Histone H3, Histone H4, Histone H2A.2, Histone H2B.2, Regulatory protein SIR3",2013-03-08,NA2287,23650358,10.1073/pnas.1300126110,X-RAY DIFFRACTION,3.09,P 61,True,2,147,1,0,0,False,True,I,74,C,J,74,G,103.682,103.682,556.378,12,147,147,7
4kgc.1,4kgc,"Nucleosome Core Particle Containing (ETA6-P-CYMENE)-(1, 2-ETHYLENEDIAMINE)-RUTHENIUM","Histone H3.2, Histone H4, Histone H2A, Histone H2B 1.1",2013-04-29,NA2460,24637564,10.1038/ncomms4462,X-RAY DIFFRACTION,2.69,P 21 21 21,False,2,145,1,0,0,False,True,I,0,A,J,0,T,106.62,109.71,181.94,8,145,145,7
4kud.1,4kud,Crystal structure of N-terminal acetylated Sir3 BAH domain D205N mutant in complex with yeast nucleosome core particle,"Histone H3, Histone H4, Histone H2A.2, Histone H2B.1, Regulatory protein SIR3/DNA",2013-05-22,NA2483,23934152,10.1038/nsmb.2637,X-RAY DIFFRACTION,3.203,P 61,True,2,146,1,0,0,False,True,I,73,A,J,220,T,108.33,108.33,498.92,12,146,146,3
4x23.1,4x23,CRYSTAL STRUCTURE OF CENP-C IN COMPLEX WITH THE NUCLEOSOME CORE PARTICLE,"HISTONE H3/CENP-A, HISTONE H4, HISTONE H2A, HISTONE H2B, VAL-ARG-ARG-SER-ASN-ARG-ILE-ARG-LEU-LYS-PRO-LEU-GLU-TYR-TRP-ARG-GLY-GLU-ARG-ILE-ASP-TYR/DNA Complex",2014-11-25,4X23,23723239,10.1126/science.1235532,X-RAY DIFFRACTION,3.5,P 21 21 21,True,4,147,1,0,0,False,True,I,74,C,J,74,G,102.994,176.102,208.846,16,147,147,7
4x23.2,4x23,CRYSTAL STRUCTURE OF CENP-C IN COMPLEX WITH THE NUCLEOSOME CORE PARTICLE,"HISTONE H3/CENP-A, HISTONE H4, HISTONE H2A, HISTONE H2B, VAL-ARG-ARG-SER-ASN-ARG-ILE-ARG-LEU-LYS-PRO-LEU-GLU-TYR-TRP-ARG-GLY-GLU-ARG-ILE-ASP-TYR/DNA Complex",2014-11-25,4X23,23723239,10.1126/science.1235532,X-RAY DIFFRACTION,3.5,P 21 21 21,True,4,147,1,0,0,False,True,S,74,C,T,74,G,102.994,176.102,208.846,16,147,147,7
4xuj.1,4xuj,Nucleosome core particle containing adducts from treatment with a thiomorpholine-substituted [(eta-6-p-cymene)Ru(3-hydroxy-2-pyridone)Cl] compound,"Histone H3.2, Histone H4, Histone H2A, Histone H2B 1.1/DNA Complex",2015-01-26,4XUJ,?,?,X-RAY DIFFRACTION,3.18,P 21 21 21,False,2,145,1,0,0,False,True,I,0,A,J,0,T,106.426,109.754,181.277,8,145,145,1
4xzq.1,4xzq,Nucleosome disassembly by RSC and SWI/SNF is enhanced by H3 acetylation near the nucleosome dyad axis,"H3 histone, H4 histone, H2A histone, H2B histone/DNA Complex",2015-02-04,4XZQ,26416878,10.1128/MCB.00441-15,X-RAY DIFFRACTION,2.4,P 21 21 21,False,2,147,1,0,0,False,True,I,74,A,J,221,T,105.4,109.57,180.81,8,147,147,5
4ys3.1,4ys3,Nucleosome disassembly by RSC and SWI/SNF is enhanced by H3 acetylation near the nucleosome dyad axis,"Histone H3, Histone H4, Histone H2A, Histone H2B/DNA Complex",2015-03-16,4YS3,26416878,10.1128/MCB.00441-15,X-RAY DIFFRACTION,3,P 21 21 21,False,2,147,1,0,0,False,True,I,74,A,J,221,T,105.51,109.62,181.23,8,147,147,5
4z5t.1,4z5t,The nucleosome containing human H3.5,"H3.5, H4, H2A, H2B/DNA Complex",2015-04-03,4Z5T,26779285,10.1186/s13072-016-0051-y,X-RAY DIFFRACTION,2.8,P 21 21 21,False,2,146,1,0,0,False,True,I,73,A,J,220,T,104.891,109.129,174.492,8,146,146,6
4z66.1,4z66,Nucleosome disassembly by RSC and SWI/SNF is enhanced by H3 acetylation near the nucleosome dyad axis,"Histone H3, Histone H4, Histone H2A, Histone H2B/DNA Complex",2015-04-03,4Z66,26416878,10.1128/MCB.00441-15,X-RAY DIFFRACTION,2.5,P 21 21 21,False,2,147,1,0,0,False,True,I,74,A,J,221,T,105.73,109.63,181.11,8,147,147,5
5av5.1,5av5,human nucleosome core particle,"Histone H3.1, Histone H4, Histone H2A type 1-B/E , Histone H2B type 1-J /DNA Complex",2015-06-11,5AV5,26607036,10.1038/srep17204,X-RAY DIFFRACTION,2.4,P 21 21 21,False,2,147,1,0,0,False,True,I,0,A,J,0,T,106.23,110.03,181.88,8,147,147,5
5av6.1,5av6,human nucleosome core particle,"Histone H3.1 , Histone H4, Histone H2A type 1-B/E , Histone H2B type 1-J /DNA Complex",2015-06-12,5AV6,26607036,10.1038/srep17204,X-RAY DIFFRACTION,2.2,P 21 21 21,False,2,147,1,0,0,False,True,I,0,A,J,0,T,106.385,110.042,182.302,8,147,147,5
5av8.1,5av8,human nucleosome core particle,"Histone H3.1 , Histone H4, Histone H2A type 1-B/E , Histone H2B type 1-J /DNA Complex",2015-06-12,5AV8,26607036,10.1038/srep17204,X-RAY DIFFRACTION,2.2,P 21 21 21,False,2,147,1,0,0,False,True,I,0,A,J,0,T,106.191,109.955,181.887,8,147,147,5
5av9.1,5av9,human nucleosome core particle,"Histone H3.1 , Histone H4, Histone H2A type 1-B/E , Histone H2B type 1-J /DNA Complex",2015-06-12,5AV9,26607036,10.1038/srep17204,X-RAY DIFFRACTION,2.2,P 21 21 21,False,2,147,1,0,0,False,True,I,0,A,J,0,T,106.255,109.846,182.125,8,147,147,5
5avb.1,5avb,human nucleosome core particle,"Histone H3.1 , Histone H4, Histone H2A type 1-B/E , Histone H2B type 1-J /DNA Complex",2015-06-12,5AVB,26607036,10.1038/srep17204,X-RAY DIFFRACTION,2.4,P 21 21 21,False,2,147,1,0,0,False,True,I,0,A,J,0,T,105.95,110.09,181.61,8,147,147,5
5avc.1,5avc,human nucleosome core particle,"Histone H3.1, Histone H4, Histone H2A type 1-B/E , Histone H2B type 1-J/DNA Complex",2015-06-12,5AVC,26607036,10.1038/srep17204,X-RAY DIFFRACTION,2.4,P 21 21 21,False,2,147,1,0,0,False,True,I,0,A,J,0,T,106.52,110.12,182.55,8,147,147,5
5b0y.1,5b0y,Crystal structure of the nucleosome containing histone H3 with the crotonylated lysine 122,"Histone H3.2, Histone H4, Histone H2A type 1-B/E, Histone H2B type 1-J/DNA Complex",2015-11-13,5B0Y,26694698,10.1016/j.bbrc.2015.12.041,X-RAY DIFFRACTION,2.557,P 21 21 21,False,2,146,1,0,0,False,True,I,73,A,J,220,T,99.635,108.773,171.142,8,146,146,6
5b0z.1,5b0z,"The crystal structure of the nucleosome containing H3.2, at 1.98 A resolution","Histone H3.2, Histone H4, Histone H2A type 1-B/E, Histone H2B type 1-J/DNA Complex",2015-11-14,5B0Z,26694698,10.1016/j.bbrc.2015.12.041,X-RAY DIFFRACTION,1.987,P 21 21 21,False,2,146,1,0,0,False,True,I,73,A,J,220,T,98.685,108.204,168.286,8,146,146,6
5b1l.1,5b1l,The mouse nucleosome structure containing H3t,"Histone H3t, Histone H4, Histone H2A type 1, Histone H2B type 3-A/DNA Complex",2015-12-08,5B1L,28099840,10.1016/j.celrep.2016.12.065,X-RAY DIFFRACTION,2.35,P 21 21 21,False,2,146,1,0,0,False,True,I,73,A,J,220,T,98.968,107.425,167.332,8,146,146,6
5b1m.1,5b1m,The mouse nucleosome structure containing H3.1,"Histone H3.1, Histone H4, Histone H2A type 1, Histone H2B type 3-A/DNA Complex",2015-12-08,5B1M,28099840,10.1016/j.celrep.2016.12.065,X-RAY DIFFRACTION,2.34,P 21 21 21,False,2,146,1,0,0,False,True,I,73,A,J,220,T,98.715,107.663,168.342,8,146,146,6
5b2i.1,5b2i,Human nucleosome containing CpG unmethylated DNA,"Histone H3.1, Histone H4, Histone H2A type 1-B/E, Histone H2B type 1-J/DNA Complex",2016-01-16,5B2I,27419055,10.1002/2211-5463.12064,X-RAY DIFFRACTION,3,P 21 21 21,False,2,146,1,0,0,False,True,I,0,A,J,0,T,106.499,109.047,177.016,8,146,146,3
5b2j.1,5b2j,Human nucleosome containing CpG methylated DNA,"Histone H3.1, Histone H4, Histone H2A type 1-B/E, Histone H2B type 1-J/DNA Complex",2016-01-18,5B2J,27419055,10.1002/2211-5463.12064,X-RAY DIFFRACTION,2.6,P 21 21 21,False,2,146,1,0,0,False,True,I,0,A,J,0,T,106.54,109.67,181.35,8,146,146,3
5b31.1,5b31,The crystal structure of the heterotypic H2AZ/H2A nucleosome with H3.1.,"Histone H3.1, Histone H4, Histone H2A type 1-B/E, Histone H2B type 1-J, Histone H2A.Z/DNA Complex",2016-02-08,5B31,27358293,10.1098/rsob.160127,X-RAY DIFFRACTION,2.2,P 21 21 21,False,2,146,1,0,0,False,True,I,73,A,J,220,T,105.11,109.685,181.487,8,146,146,6
5b33.1,5b33,The crystal structure of the H2AZ nucleosome with H3.3.,"Histone H3.3, Histone H4, Histone H2A.Z, Histone H2B type 1-J/DNA Complex",2016-02-08,5B33,27358293,10.1098/rsob.160127,X-RAY DIFFRACTION,2.925,P 21 21 21,False,2,146,1,0,0,False,True,I,73,A,J,220,T,104.799,109.872,181.931,8,146,146,6
5b40.1,5b40,The nucleosome structure containing H2B-K120 and H4-K31 monoubiquitinations,"Histone H3.2, Histone H4, Histone H2A type 1-B/E, Histone H2B type 1-J/DNA Complex",2016-03-22,5B40,?,?,X-RAY DIFFRACTION,3.33,P 32,False,2,146,1,0,0,False,True,I,73,A,J,220,T,100.419,100.419,186.025,6,146,146,6
5cp6.1,5cp6,"Nucleosome Core Particle with Adducts from the Anticancer Compound, [(eta6-5,8,9,10-tetrahydroanthracene)Ru(ethylenediamine)Cl][PF6]","Histone H3.2, Histone H4, Histone H2A type 1, Histone H2B 1.1/DNA Complex",2015-07-21,5CP6,27184539,10.1002/anie.201602145,X-RAY DIFFRACTION,2.6,P 21 21 21,False,2,145,1,0,0,False,True,I,0,A,J,0,T,106.57,109.57,182.61,8,145,145,1
5cpi.1,5cpi,Nucleosome containing unmethylated Sat2R DNA,"Histone H3.1, Histone H4, Histone H2A type 1-B/E, Histone H2B type 1-J/DNA Complex",2015-07-21,5CPI,26446621,10.1098/rsob.150128,X-RAY DIFFRACTION,2.902,P 21 21 21,False,2,146,1,0,0,False,True,I,73,C,J,74,G,105.431,109.331,175.771,8,146,146,6
5cpj.1,5cpj,Nucleosome containing methylated Sat2R DNA,"Histone H3.1, Histone H4, Histone H2A type 1-B/E, Histone H2B type 1-J/DNA Complex",2015-07-21,5CPJ,26446621,10.1098/rsob.150128,X-RAY DIFFRACTION,3.15,P 21 21 21,False,2,146,1,0,0,False,True,I,73,c,J,74,G,103.452,108.99,173.446,8,146,146,6
5cpk.1,5cpk,Nucleosome containing methylated Sat2L DNA,"Histone H3.1, Histone H4, Histone H2A type 1-B/E, Histone H2B type 1-J/DNA Complex",2015-07-21,5CPK,26446621,10.1098/rsob.150128,X-RAY DIFFRACTION,2.632,P 21 21 21,False,2,145,1,0,0,False,True,I,73,A,J,73,T,105.197,109.297,173.686,8,145,145,7
5dnm.1,5dnm,Nucleosome core particle containing adducts of ruthenium(II)-toluene PTA complex,"Histone H3.2, Histone H4, Histone H2A, Histone H2B 1.1/DNA Complex",2015-09-10,5DNM,28358030,10.1038/ncomms14860,X-RAY DIFFRACTION,2.81,P 21 21 21,False,2,145,1,0,0,False,True,I,0,A,J,0,T,106.68,109.82,182.34,8,145,145,1
5dnn.1,5dnn,Nucleosome core particle containing adducts of gold(I)-triethylphosphane and ruthenium(II)-toluene PTA complexes,"Histone H3.2, Histone H4, Histone H2A, Histone H2B 1.1/DNA Complex",2015-09-10,5DNN,28358030,10.1038/ncomms14860,X-RAY DIFFRACTION,2.8,P 21 21 21,False,2,145,1,0,0,False,True,I,0,A,J,0,T,106.726,109.948,182.041,8,145,145,1
5e5a.1,5e5a,Crystal structure of the chromatin-tethering domain of Human cytomegalovirus IE1 protein bound to the nucleosome core particle,"Histone H3.2, Histone H4, Histone H2A, Histone H2B 1.1, C-terminal domain of Regulatory protein IE1/DNA Complex",2015-10-08,5E5A,26812545,10.7554/eLife.11911,X-RAY DIFFRACTION,2.809,P 21 21 21,True,2,146,1,0,0,False,True,I,73,A,J,220,T,106.7,109.474,181.976,8,146,146,6
5f99.1,5f99,X-ray Structure of the MMTV-A Nucleosome Core Particle,"Histone H3.2, Histone H4, Histone H2A type 1, Histone H2B 1.1/DNA Complex",2015-12-09,5F99,26787910,10.1073/pnas.1524607113,X-RAY DIFFRACTION,2.63,P 21 21 21,False,2,147,1,0,0,False,True,I,0,T,J,0,A,107.873,178.915,109.061,8,147,147,7
5gsu.1,5gsu,"Crystal structure of nucleosome core particle consisting of human testis-specific histone variants, Th2A and Th2B","Histone H3.1, Histone H4, Histone H2A type 1-A, Histone H2B type 1-A/DNA Complex",2016-08-17,5GSU,27992841,10.1016/j.bpc.2016.11.013,X-RAY DIFFRACTION,3.1,P 21 21 21,False,2,146,1,0,0,False,True,I,73,A,J,220,T,107.095,109.74,182.445,8,146,146,6
5gt0.1,5gt0,"Crystal structure of nucleosome complex with human testis-specific histone variants, Th2a","Histone H3.1, Histone H4, Histone H2A type 1-A, Histone H2B type 1-C/E/F/G/I/DNA Complex",2016-08-18,5GT0,27992841,10.1016/j.bpc.2016.11.013,X-RAY DIFFRACTION,2.82,P 21 21 21,False,2,146,1,0,0,False,True,I,73,A,J,220,T,99.788,108.966,170.951,8,146,146,6
5gt3.1,5gt3,"Crystal structure of nucleosome particle in the presence of human testis-specific histone variant, hTh2b","Histone H3.1, Histone H4, Histone H2A type 1-D, Histone H2B type 1-A/DNA Complex",2016-08-18,5GT3,27992841,10.1016/j.bpc.2016.11.013,X-RAY DIFFRACTION,2.91,P 21 21 21,False,2,146,1,0,0,False,True,I,73,A,J,220,T,106.887,110.078,182.811,8,146,146,6
5gtc.1,5gtc,Crystal structure of complex between DMAP-SH conjugated with a Kaposi's sarcoma herpesvirus LANA peptide (5-15) and nucleosome core particle,"Histone H3.1, Histone H4, Histone H2A type 1-B/E, Histone H2B type 1-J, LANA peptide/DNA Complex",2016-08-19,5GTC,28534629,10.1021/jacs.7b02138,X-RAY DIFFRACTION,2.7,P 21 21 21,True,2,146,1,0,0,False,True,I,73,A,J,220,T,107.225,109.017,176.194,8,146,146,6
5gxq.1,5gxq,The crystal structure of the nucleosome containing H3.6,"Histone H3.6, Histone H4, Histone H2A type 1-B/E, Histone H2B type 1-J/DNA Complex",2016-09-19,5GXQ,28374988,10.1021/acs.biochem.6b01098,X-RAY DIFFRACTION,2.85,P 21 21 21,False,2,146,1,0,0,False,True,I,73,A,J,220,T,106.026,109.764,181.4,8,146,146,6
5omx.1,5omx,X-ray Structure of the H2A-N38C Nucleosome Core Particle,"Histone H3.2, Histone H4, Histone H2A type 1, Histone H2B 1.1/DNA Complex",2017-08-02,5OMX,29113904,10.1016/j.jmb.2017.10.029,X-RAY DIFFRACTION,2.32,P 21 21 21,False,2,147,1,0,0,False,True,I,0,A,J,0,T,106.753,182.578,109.645,8,147,147,5
5ong.1,5ong,X-Ray crystal structure of a nucleosome core particle with its DNA site-specifically crosslinked to the histone octamer,"Histone H3.2, Histone H4, Histone H2A, Histone H2B 1.1/DNA Complex",2017-08-03,5ONG,29113904,10.1016/j.jmb.2017.10.029,X-RAY DIFFRACTION,2.797,P 21 21 21,False,2,147,1,0,0,False,True,I,0,A,J,0,T,106.24,183.13,109.49,8,147,147,5
5onw.1,5onw,X-Ray crystal structure of a nucleosome core particle with its DNA site-specifically crosslinked to the histone octamer and the two H2A/H2B dimers crosslinked via H2A N38C,"Histone H3.2, Histone H4, Histone H2A, Histone H2B 1.1/DNA Complex",2017-08-04,5ONW,29113904,10.1016/j.jmb.2017.10.029,X-RAY DIFFRACTION,2.8,P 21 21 21,False,2,147,1,0,0,False,True,I,0,A,J,0,T,106.56,183.83,109.49,8,147,147,5
5x7x.1,5x7x,The crystal structure of the nucleosome containing H3.3 at 2.18 angstrom resolution,"Histone H3.6, Histone H4, Histone H2A type 1-B/E, Histone H2B type 1-J/DNA Complex",2017-02-27,5X7X,28374988,10.1021/acs.biochem.6b01098,X-RAY DIFFRACTION,2.184,P 21 21 21,False,2,146,1,0,0,False,True,I,73,A,J,220,T,98.887,107.509,167.415,8,146,146,6
5xf3.1,5xf3,"Nucleosome core particle with an adduct of a binuclear RAPTA (Ru-arene-phosphaadamantane) compound having a 1,2-diphenylethylenediamine linker (R,R-configuration)","Histone H3.1, Histone H4, Histone H2A type 1-B/E, Histone H2B type 1-J/DNA Complex",2017-04-07,5XF3,29146919,10.1038/s41467-017-01680-4,X-RAY DIFFRACTION,2.6,P 21 21 21,False,2,145,1,0,0,False,True,I,0,A,J,0,T,108.19,109.4,174.82,8,145,145,2
5xf4.1,5xf4,"Nucleosome core particle with an adduct of a binuclear RAPTA (Ru-arene-phosphaadamantane) compound having a 1,2-diphenylethylenediamine linker (S,S-configuration)","Histone H3.1, Histone H4, Histone H2A type 1-B/E, Histone H2B type 1-J/DNA Complex",2017-04-07,5XF4,29146919,10.1038/s41467-017-01680-4,X-RAY DIFFRACTION,2.87,P 21 21 21,False,2,145,1,0,0,False,True,I,0,A,J,0,T,107.76,109.56,175.22,8,145,145,2
5xf5.1,5xf5,"Nucleosome core particle with an adduct of a binuclear RAPTA (Ru-arene-phosphaadamantane) compound having a 1,2-diphenylethylenediamine linker (R,S-configuration)","Histone H3.1, Histone H4, Histone H2A type 1-B/E, Histone H2B type 1-J/DNA Complex",2017-04-07,5XF5,29146919,10.1038/s41467-017-01680-4,X-RAY DIFFRACTION,2.82,P 21 21 21,False,2,145,1,0,0,False,True,I,0,A,J,0,T,107.21,109.67,182.04,8,145,145,2
5xf6.1,5xf6,Nucleosome core particle with an adduct of a binuclear RAPTA (Ru-arene-phosphaadamantane) compound having an ethylenediamine linker,"Histone H3.2, Histone H4, Histone H2A, Histone H2B 1.1/DNA Complex",2017-04-07,5XF6,29146919,10.1038/s41467-017-01680-4,X-RAY DIFFRACTION,2.63,P 21 21 21,False,2,145,1,0,0,False,True,I,0,A,J,0,T,106.84,109.729,182.527,8,145,145,1
5xm0.1,5xm0,"The mouse nucleosome structure containing H2A, H2B type3-A, H3.3, and H4","Histone H3.3, Histone H4, Histone H2A type 1-B, Histone H2B type 3-A/DNA Complex",2017-05-12,5XM0,29643389,10.1038/s41467-018-03845-1,X-RAY DIFFRACTION,2.874,P 21 21 21,False,2,146,1,0,0,False,True,I,73,A,J,220,T,106.523,110.095,182.264,8,146,146,6
5xm1.1,5xm1,"The mouse nucleosome structure containing H2A, H2B type3-A, H3mm7, and H4","Histone H3.3, Histone H4, Histone H2A type 1-B, Histone H2B type 3-A/DNA Complex",2017-05-12,5XM1,29643389,10.1038/s41467-018-03845-1,X-RAY DIFFRACTION,3.45,P 21 21 21,False,2,146,1,0,0,False,True,I,73,A,J,220,T,105.55,109.38,176.209,8,146,146,6
5y0c.1,5y0c,Crystal Structure of the human nucleosome at 2.09 angstrom resolution,"Histone H3.1, Histone H4, Histone H2A type 1-B/E, Histone H2B type 1-J/DNA Complex",2017-07-16,5Y0C,30053102,10.1093/nar/gky661,X-RAY DIFFRACTION,2.087,P 21 21 21,False,2,146,1,0,0,False,True,I,73,A,J,220,T,98.913,107.103,167.003,8,146,146,6
5y0d.1,5y0d,Crystal Structure of the human nucleosome containing the H2B E76K mutant,"Histone H3.1, Histone H4, Histone H2A type 1-B/E, Histone H2B type 1-J/DNA Complex",2017-07-16,5Y0D,30053102,10.1093/nar/gky661,X-RAY DIFFRACTION,1.99,P 21 21 21,False,2,146,1,0,0,False,True,I,73,A,J,220,T,98.992,107.316,167.719,8,146,146,6
5z23.1,5z23,Crystal structure of the nucleosome containing a chimeric histone H3/CENP-A CATD,"Histone H3.1,Histone H3-like centromeric protein A,Histone H3.1, Histone H4, Histone H2A type 1-B/E, Histone H2B type 1-J/DNA Complex",2017-12-28,5Z23,30718488,10.1038/s41467-019-08314-x,X-RAY DIFFRACTION,2.73,P 21 21 21,False,2,146,1,0,0,False,True,I,73,A,J,220,T,99.641,100.745,173.431,8,146,146,6
5z30.1,5z30,The crystal structure of the nucleosome containing a cancer-associated histone H2A.Z R80C mutant,"Histone H3.1, Histone H4, Histone H2A.Z, Histone H2B type 1-J/DNA Complex",2018-01-05,5Z30,30053102,10.1093/nar/gky661,X-RAY DIFFRACTION,2.45,P 21 21 21,False,2,146,1,0,0,False,True,I,73,A,J,220,T,99.399,108.332,170.902,8,146,146,6
5zbx.1,5zbx,"The crystal structure of the nucleosome containing histone H3.1 CATD(V76Q, K77D)","Histone H3.1,Histone H3-like centromeric protein A,Histone H3.1, Histone H4, Histone H2A type 1-B/E, Histone H2B type 1-J/DNA Complex",2018-02-13,5ZBX,30718488,10.1038/s41467-019-08314-x,X-RAY DIFFRACTION,2.58,P 21 21 21,False,2,146,1,0,0,False,True,I,73,A,J,220,T,99.543,109.003,170.136,8,146,146,6
6dzt.1,6dzt,Cryo-EM structure of nucleosome in complex with a single chain antibody fragment,"Histone H3, Histone H4, Histone H2A, Histone H2B, scFv/DNA Complex",2018-07-05,6DZT,31127102,10.1038/s41467-019-10247-4,ELECTRON MICROSCOPY,2.99,P 1,True,2,147,1,0,0,False,True,I,74,G,J,74,C,1,1,1,1,147,147,7
6e0c.1,6e0c,Cryo-EM structure of the CENP-A nucleosome (W601) in complex with a single chain antibody fragment,"Histone H3-like centromeric protein A, Histone H4, Histone H2A type 1-B/E, Histone H2B type 1-J, scFv/DNA Complex",2018-07-06,6E0C,31127102,10.1038/s41467-019-10247-4,ELECTRON MICROSCOPY,2.63,P 1,True,2,147,1,0,0,False,True,I,74,G,J,74,C,1,1,1,1,147,147,7
6e0p.1,6e0p,Cryo-EM structure of the centromeric nucleosome (Native alpha satellite DNA) in complex with a single chain antibody fragment,"Histone H3-like centromeric protein A, Histone H4, Histone H2A type 1-B/E, Histone H2B type 1-J, scFv/DNA Complex",2018-07-06,6E0P,31127102,10.1038/s41467-019-10247-4,ELECTRON MICROSCOPY,2.6,P 1,True,2,145,1,0,0,False,True,I,73,G,J,73,C,1,1,1,1,145,145,7
6ipu.1,6ipu,Human nucleosome core particle containing 145 bp of DNA,"Histone H3.1, Histone H4, Histone H2A type 1-B/E, Histone H2B type 1-J/DNA Complex",2018-11-04,6IPU,31848352,10.1038/s41467-019-13641-0,X-RAY DIFFRACTION,1.99,P 21 21 21,False,2,145,1,0,0,False,True,I,0,A,J,0,T,107.56,109.71,183.48,8,145,145,2
6iq4.1,6iq4,Nucleosome core particle cross-linked with a hetero-binuclear molecule possessing RAPTA and gold(I) 4-(diphenylphosphino)benzoic acid groups.,"Histone H3.1, Histone H4, Histone H2A type 1-B/E, Histone H2B type 1-J/DNA Complex",2018-11-06,6IQ4,31478581,10.1002/anie.201906423,X-RAY DIFFRACTION,2.25,P 21 21 21,False,2,145,1,0,0,False,True,I,0,A,J,0,T,107.307,109.741,183.254,8,145,145,2
6iro.1,6iro,the crosslinked complex of ISWI-nucleosome in the ADP-bound state,"ISWI chromatin-remodeling complex ATPase ISW1,ISWI chromatin-remodeling complex ATPase ISW1, Histone H3, Histone H4, Histone H2A, Histone H2B 1.1/DNA Complex",2018-11-13,6IRO,30872815,10.1038/s41594-019-0199-9,ELECTRON MICROSCOPY,3.4,P 1,True,2,167,1,0,0,False,True,I,74,C,J,74,G,1,1,1,1,167,167,7
6jou.1,6jou,Crystal structure of the human nucleosome containing H2A.Z.1 S42R,"Histone H3.1, Histone H4, Histone H2A.Z, Histone H2B type 1-J/DNA Complex",2019-03-23,6JOU,?,?,X-RAY DIFFRACTION,2.17,P 21 21 21,False,2,146,1,0,0,False,True,I,73,A,J,220,T,98.955,108.17,169.812,8,146,146,6
6jr0.1,6jr0,Crystal structure of the human nucleosome phased with 12 selenium atoms,"Histone H3.1, Histone H4, Histone H2A type 1-B/E, Histone H2B type 1-J/DNA Complex",2019-04-02,6JR0,31588924,10.1107/S2059798319012713,X-RAY DIFFRACTION,2.5,P 21 21 21,False,2,146,1,0,0,False,True,I,73,A,J,220,T,99.566,108.514,168.935,8,146,146,6
6jr1.1,6jr1,Crystal structure of the human nucleosome phased with 16 selenium atoms,"Histone H3.1, Histone H4, Histone H2A type 1-B/E, Histone H2B type 1-J/DNA Complex",2019-04-02,6JR1,31588924,10.1107/S2059798319012713,X-RAY DIFFRACTION,2.4,P 21 21 21,False,2,146,1,0,0,False,True,I,73,A,J,220,T,99.461,108.539,170.462,8,146,146,6
6jxd.1,6jxd,Human nucleosome core particle with cohesive end DNA termini,"Histone H3.1, Histone H4, Histone H2A type 1-B/E, Histone H2B type 1-J/DNA Complex",2019-04-23,6JXD,31848352,10.1038/s41467-019-13641-0,X-RAY DIFFRACTION,2.25,P 21 21 21,False,2,147,1,0,0,False,True,I,0,C,J,0,G,105.31,109.66,183.819,8,147,147,7
6jyl.1,6jyl,The crosslinked complex of ISWI-nucleosome in the ADP.BeF-bound state,"Histone H3, Histone H4, Histone H2A, Histone H2B 1.1, ISWI chromatin-remodeling complex ATPase ISW1/DNA Complex",2019-04-26,6JYL,30872815,10.1038/s41594-019-0199-9,ELECTRON MICROSCOPY,3.37,P 1,True,2,167,1,0,0,False,True,I,74,C,J,74,G,1,1,1,1,167,167,7
6k1i.1,6k1i,Human nucleosome core particle with gammaH2A.X variant,"Histone H3.1, Histone H4, Histone H2AX, Histone H2B type 1-J/DNA Complex",2019-05-10,6K1I,31848352,10.1038/s41467-019-13641-0,X-RAY DIFFRACTION,2.75,P 21 21 21,False,2,147,1,0,0,False,True,I,0,C,J,0,G,102.85,109.42,181.47,8,147,147,7
6k1j.1,6k1j,Human nucleosome core particle with H2A.X variant,"Histone H3.1, Histone H4, Histone H2AX, Histone H2B type 1-J/DNA Complex",2019-05-10,6K1J,31848352,10.1038/s41467-019-13641-0,X-RAY DIFFRACTION,2.85,P 21 21 21,False,2,145,1,0,0,False,True,I,0,A,J,0,T,105.75,109.94,180.37,8,145,145,2
6k1k.1,6k1k,Human nucleosome core particle with H2A.X S139E variant,"Histone H3.1, Histone H4, Histone H2AX, Histone H2B type 1-J/DNA Complex",2019-05-10,6K1K,31848352,10.1038/s41467-019-13641-0,X-RAY DIFFRACTION,2.2,P 21 21 21,False,2,145,1,0,0,False,True,I,0,A,J,0,T,107.95,109.46,183.38,8,145,145,7
6ke9.1,6ke9,The Human Telomeric Nucleosome Displays Distinct Structural and Dynamic Properties,"Histone H3.1, Histone H4, Histone H2A type 1-B/E, Histone H2B type 1-K/DNA Complex",2019-07-04,6KE9,32374876,10.1093/nar/gkaa289,X-RAY DIFFRACTION,2.22,P 21 21 21,False,2,145,1,0,0,False,True,I,0,G,J,0,C,106.133,109.319,176.969,8,145,145,7
6kvd.1,6kvd,Crystal structure of human nucleosome containing H2A.J,"Histone H3.1, Histone H4, Histone H2A.J, Histone H2B type 1-J/DNA Complex",2019-09-04,6KVD,31793981,10.1093/jb/mvz109,X-RAY DIFFRACTION,2.21,P 21 21 21,False,2,146,1,0,0,False,True,I,73,A,J,220,T,99.64,108.791,171.177,8,146,146,6
6l9h.1,6l9h,The Human Telomeric Nucleosome Displays Distinct Structural and Dynamic Properties,"Histone H3.1, Histone H4, Histone H2A type 1-B/E, Histone H2B type 1-K/DNA Complex",2019-11-10,6L9H,32374876,10.1093/nar/gkaa289,X-RAY DIFFRACTION,2.6,P 21 21 21,False,2,145,1,0,0,False,True,I,0,G,J,0,C,106.455,109.388,176.376,8,145,145,7
6nj9.1,6nj9,"Active state Dot1L bound to the H2B-Ubiquitinated nucleosome, 2-to-1 complex","Histone H4, Histone H2A type 1, Histone H2B 1.1, Histone-lysine N-methyltransferase, H3 lysine-79 specific, Ubiquitin, Histone H3.2/DNA Complex",2019-01-02,6NJ9,30765112,10.1016/j.cell.2019.02.002,ELECTRON MICROSCOPY,2.96,P 1,True,2,146,1,0,0,False,True,I,74,C,J,74,G,1,1,1,?,146,146,7
6o1d.1,6o1d,Cryo-EM structure of the centromeric nucleosome with native alpha satellite DNA,"Histone H3-like centromeric protein A, Histone H4, Histone H2A type 1-B/E, Histone H2B type 1-J, scFv/DNA Complex",2019-02-19,6O1D,31127102,10.1038/s41467-019-10247-4,ELECTRON MICROSCOPY,3.395,P 1,False,2,145,1,0,0,False,True,I,73,G,J,73,C,1,1,1,1,145,145,7
6o96.1,6o96,Dot1L bound to the H2BK120 Ubiquitinated nucleosome,"Histone H3.2, Histone H4, Histone H2A, Histone H2B 1.1, Histone-lysine N-methyltransferase, H3 lysine-79 specific, Polyubiquitin-B/DNA Complex",2019-03-13,6O96,30981630,10.1016/j.molcel.2019.03.029,ELECTRON MICROSCOPY,3.5,P 1,True,2,146,1,0,0,False,True,I,74,T,J,74,A,1,1,1,1,146,146,7
6om3.1,6om3,Crystal structure of the Orc1 BAH domain in complex with a nucleosome core particle,"Histone H3.2, Histone H4, Histone H2A type 1, Histone H2B 1.1, Origin recognition complex subunit 1/DNA Complex",2019-04-18,6OM3,31263106,10.1038/s41467-019-10609-y,X-RAY DIFFRACTION,3.3,P 1 21 1,True,4,"[146, 147]",1,0,0,False,True,I,74,T,J,74,A,100.254,166.428,168.277,8,146,146,7
6om3.2,6om3,Crystal structure of the Orc1 BAH domain in complex with a nucleosome core particle,"Histone H3.2, Histone H4, Histone H2A type 1, Histone H2B 1.1, Origin recognition complex subunit 1/DNA Complex",2019-04-18,6OM3,31263106,10.1038/s41467-019-10609-y,X-RAY DIFFRACTION,3.3,P 1 21 1,True,4,"[146, 147]",1,0,0,False,True,U,74,T,V,74,A,100.254,166.428,168.277,8,146,146,7
6pa7.1,6pa7,The cryo-EM structure of the human DNMT3A2-DNMT3B3 complex bound to nucleosome.,"Histone H3.2, Histone H4, Histone H2A type 1, Histone H2B 1.1, DNA (cytosine-5)-methyltransferase 3A, DNA (cytosine-5)-methyltransferase 3B/DNA Complex",2019-06-11,6PA7,?,?,ELECTRON MICROSCOPY,2.94,P 1,True,2,167,1,0,0,False,True,I,84,C,J,84,G,1,1,1,?,167,167,7
6px1.1,6px1,Set2 bound to nucleosome,"Histone H3, Histone H4, Ubiquitin-60S ribosomal protein L40,Histone H2A, Histone H2B 1.1/DNA complex",2019-07-24,6PX1,31439846,10.1038/s41467-019-11726-4,ELECTRON MICROSCOPY,3.3,P 1,False,2,149,1,0,0,False,True,I,74,C,J,74,G,1,1,1,?,149,149,7
6ryr.1,6ryr,Nucleosome-CHD4 complex structure (single CHD4 copy),"Histone H3.2, Histone H4, Histone H2A type 1, Histone H2B 1.1, Chromodomain-helicase-DNA-binding protein 4,Chromodomain-helicase-DNA-binding protein 4,Chromodomain-helicase-DNA-binding protein 4/DNA Complex",2019-06-11,6RYR,32543371,10.7554/eLife.56178,ELECTRON MICROSCOPY,3.1,P 1,True,2,149,1,0,0,False,True,I,0,C,J,0,G,1,1,1,?,149,149,7
6s01.1,6s01,Structure of LEDGF PWWP domain bound H3K36 methylated nucleosome,"Histone H3, Histone H4, Histone H2A, Histone H2B 1.1, PC4 and SFRS1-interacting protein/DNA Complex",2019-06-13,6S01,31819277,10.1038/s41594-019-0345-4,ELECTRON MICROSCOPY,3.2,P 1,True,2,165,1,0,0,False,True,I,0,C,J,0,G,1,1,1,1,165,165,7
6se6.1,6se6,Class2 : CENP-A nucleosome in complex with CENP-C central region,"Histone H3-like centromeric protein A, Histone H4, Histone H2A type 2-A, Histone H2B type 1-C/E/F/G/I, Centromere protein C/DNA Complex",2019-07-29,6SE6,31475439,10.15252/embr.201948913,ELECTRON MICROSCOPY,3.5,P 1,True,2,145,1,0,0,False,True,I,0,C,J,0,G,1,1,1,?,145,145,7
6seg.1,6seg,Class1: CENP-A nucleosome in complex with CENP-C central region,"Histone H3-like centromeric protein A, Histone H4, Histone H2A type 2-A, Histone H2B type 1-C/E/F/G/I/DNA Complex",2019-07-30,6SEG,31475439,10.15252/embr.201948913,ELECTRON MICROSCOPY,3.1,P 1,False,2,145,1,0,0,False,True,I,0,C,J,0,G,1,1,1,?,145,145,7
6t79.1,6t79,Structure of a human nucleosome at 3.2 A resolution,"Histone H3.2, Histone H4, Histone H2A type 1, Histone H2B type 1-K/DNA Complex",2019-10-21,6T79,32350470,10.1038/s41586-020-2195-y,ELECTRON MICROSCOPY,3.2,P 1,False,2,147,1,0,0,False,True,I,72,G,J,74,C,1,1,1,?,147,147,7
6t93.1,6t93,Nucleosome with OCT4-SOX2 motif at SHL-6,"Histone H3.1, Histone H4, Histone H2A type 1-B/E, Histone H2B type 1-J/DNA Complex",2019-10-25,6T93,32327602,10.1126/science.abb0074,ELECTRON MICROSCOPY,3.49,P 1,False,2,153,1,0,0,False,True,I,74,C,J,74,G,1,1,1,?,153,153,7
6uh5.1,6uh5,Structural basis of COMPASS eCM recognition of the H2Bub nucleosome,COMPASS eCM/H2Bub nucleosome complex,2019-09-26,6UH5,31733991,10.1016/j.molcel.2019.10.013,ELECTRON MICROSCOPY,3.5,P 1,True,2,146,1,0,0,False,True,I,74,C,J,74,G,1,1,1,?,146,146,7
6ven.1,6ven,Yeast COMPASS in complex with a ubiquitinated nucleosome,"Histone H3.2, Histone H4, Histone H2A type 1, Histone H2B 1.1, Ubiquitin, COMPASS component SWD3, COMPASS component SWD1, Histone-lysine N-methyltransferase, H3 lysine-4 specific, COMPASS component BRE2, COMPASS component SDC1, COMPASS component SPP1/DNA Complex",2020-01-02,6VEN,31922488,10.7554/eLife.53199,ELECTRON MICROSCOPY,3.37,P 1,True,2,146,1,0,0,False,True,I,74,C,J,74,G,1,1,1,?,146,146,7
